collected_for_day,app,new_accounts_count
2020-11-07,berry-club,75
2020-11-08,berry-club,25
2020-11-09,berry-club,52
2020-11-10,berry-club,108
2020-11-11,berry-club,20
2020-11-12,berry-club,16
2020-11-13,berry-club,5
2020-11-14,berry-club,13
2020-11-15,berry-club,8
2020-11-16,berry-club,12
2020-11-17,berry-club,8
2020-11-18,berry-club,3
2020-11-19,berry-club,1
2020-11-20,berry-club,2
2020-11-21,berry-club,32
2020-11-22,berry-club,17
2020-11-23,berry-club,5
2020-11-24,berry-club,3
2020-11-25,berry-club,6
2020-11-26,berry-club,9
2020-11-27,berry-club,7
2020-11-28,berry-club,21
2020-11-29,berry-club,6
2020-11-30,berry-club,14
2020-12-01,berry-club,8
2020-12-02,berry-club,10
2020-12-03,berry-club,4
2020-12-04,berry-club,3
2020-12-05,berry-club,10
2020-12-06,berry-club,5
2020-12-07,berry-club,5
2020-12-08,berry-club,8
2020-12-09,berry-club,10
2020-12-10,berry-club,2
2020-12-11,berry-club,2
2020-12-12,berry-club,7
2020-12-13,berry-club,6
2020-12-14,berry-club,4
2020-12-15,berry-club,3
2020-12-16,berry-club,3
2020-12-18,berry-club,4
2020-12-19,berry-club,6
2020-12-20,berry-club,1
2020-12-21,berry-club,4
2020-12-22,berry-club,7
2020-12-23,berry-club,6
2020-12-24,berry-club,8
2020-12-25,berry-club,1
2020-12-26,berry-club,25
2020-12-27,berry-club,6
2020-12-28,berry-club,6
2020-12-29,berry-club,2
2020-12-30,berry-club,4
2020-12-31,berry-club,22
2021-01-01,berry-club,2
2021-01-02,berry-club,4
2021-01-03,berry-club,3
2021-01-04,berry-club,2
2021-01-05,berry-club,4
2021-01-06,berry-club,4
2021-01-07,berry-club,3
2021-01-08,berry-club,9
2021-01-09,berry-club,4
2021-01-10,berry-club,13
2021-01-11,berry-club,4
2021-01-12,berry-club,9
2021-01-13,berry-club,5
2021-01-14,berry-club,8
2021-01-16,berry-club,2
2021-01-17,berry-club,9
2021-01-18,berry-club,4
2021-01-19,berry-club,6
2021-01-20,berry-club,6
2021-01-21,berry-club,5
2021-01-22,berry-club,5
2021-01-23,berry-club,1
2021-01-24,berry-club,1
2021-01-26,berry-club,3
2021-01-28,berry-club,3
2021-01-29,berry-club,3
2021-01-30,berry-club,1
2021-01-31,berry-club,2
2021-02-01,berry-club,3
2021-02-02,berry-club,1
2021-02-03,berry-club,4
2021-02-04,berry-club,3
2021-02-05,berry-club,4
2021-02-06,berry-club,2
2021-02-07,berry-club,4
2021-02-08,berry-club,2
2021-02-09,berry-club,4
2021-02-10,berry-club,2
2021-02-11,berry-club,4
2021-02-12,berry-club,10
2021-02-13,berry-club,16
2021-02-14,berry-club,4
2021-02-15,berry-club,5
2021-02-16,berry-club,5
2021-02-17,berry-club,2
2021-02-18,berry-club,4
2021-02-19,berry-club,13
2021-02-20,berry-club,7
2021-02-21,berry-club,4
2021-02-22,berry-club,9
2021-02-23,berry-club,5
2021-02-24,berry-club,1
2021-02-25,berry-club,3
2021-02-26,berry-club,3
2021-02-27,berry-club,11
2021-02-28,berry-club,25
2021-03-01,berry-club,24
2021-03-02,berry-club,13
2021-03-02,berry-cards,76
2021-03-03,berry-club,15
2021-03-03,berry-cards,62
2021-03-04,berry-cards,25
2021-03-04,berry-club,28
2021-03-05,berry-club,18
2021-03-05,berry-cards,17
2021-03-06,berry-club,13
2021-03-06,berry-cards,17
2021-03-07,berry-club,14
2021-03-07,berry-cards,11
2021-03-08,berry-club,7
2021-03-08,berry-cards,7
2021-03-09,berry-cards,8
2021-03-09,berry-club,12
2021-03-10,berry-club,26
2021-03-10,berry-cards,18
2021-03-11,berry-club,20
2021-03-11,berry-cards,8
2021-03-12,berry-club,17
2021-03-12,berry-cards,16
2021-03-13,berry-cards,8
2021-03-13,berry-club,8
2021-03-14,berry-cards,5
2021-03-14,berry-club,15
2021-03-15,berry-cards,5
2021-03-15,berry-club,8
2021-03-16,berry-cards,2
2021-03-16,berry-club,10
2021-03-17,berry-cards,6
2021-03-17,berry-club,12
2021-03-18,berry-club,19
2021-03-18,berry-cards,11
2021-03-18,near-crowd,1
2021-03-19,berry-club,18
2021-03-19,berry-cards,1
2021-03-20,berry-club,9
2021-03-20,berry-cards,3
2021-03-20,near-bet,16
2021-03-21,near-bet,21
2021-03-21,berry-cards,4
2021-03-21,pixel-party,5
2021-03-21,berry-club,11
2021-03-22,berry-cards,3
2021-03-22,near-bet,6
2021-03-22,berry-club,20
2021-03-22,pixel-party,80
2021-03-23,near-bet,7
2021-03-23,pixel-party,26
2021-03-23,berry-club,14
2021-03-23,berry-cards,2
2021-03-24,pixel-party,14
2021-03-24,berry-club,8
2021-03-24,berry-cards,4
2021-03-24,near-bet,26
2021-03-25,berry-cards,8
2021-03-25,near-bet,6
2021-03-25,pixel-party,13
2021-03-25,berry-club,11
2021-03-26,berry-cards,4
2021-03-26,berry-club,6
2021-03-26,pixel-party,7
2021-03-26,near-bet,13
2021-03-27,near-bet,4
2021-03-27,berry-cards,3
2021-03-27,berry-club,7
2021-03-27,pixel-party,3
2021-03-28,berry-cards,6
2021-03-28,pixel-party,3
2021-03-28,berry-club,10
2021-03-28,near-bet,6
2021-03-29,near-bet,4
2021-03-29,berry-cards,6
2021-03-29,berry-club,9
2021-03-29,pixel-party,5
2021-03-30,berry-cards,4
2021-03-30,berry-club,6
2021-03-30,near-bet,5
2021-03-30,ref-finance,1
2021-03-30,pixel-party,4
2021-03-31,berry-cards,5
2021-03-31,berry-club,5
2021-03-31,near-bet,5
2021-03-31,pixel-party,4
2021-04-01,pixel-party,3
2021-04-01,near-bet,1
2021-04-01,berry-club,6
2021-04-01,berry-cards,1
2021-04-01,near-crowd,1
2021-04-02,pixel-party,11
2021-04-02,near-bet,5
2021-04-02,berry-cards,4
2021-04-02,berry-club,7
2021-04-03,berry-club,5
2021-04-03,pixel-party,7
2021-04-03,near-bet,6
2021-04-04,berry-club,3
2021-04-04,near-bet,2
2021-04-04,pixel-party,5
2021-04-04,berry-cards,1
2021-04-05,near-bet,2
2021-04-05,berry-club,3
2021-04-05,berry-cards,3
2021-04-05,pixel-party,3
2021-04-06,berry-club,41
2021-04-06,berry-cards,7
2021-04-06,pixel-party,3
2021-04-06,near-bet,8
2021-04-07,berry-club,53
2021-04-07,near-bet,13
2021-04-07,berry-cards,28
2021-04-07,pixel-party,7
2021-04-08,berry-cards,10
2021-04-08,berry-club,20
2021-04-08,near-bet,10
2021-04-08,pixel-party,6
2021-04-09,near-bet,9
2021-04-09,berry-cards,17
2021-04-09,berry-club,27
2021-04-09,pixel-party,12
2021-04-10,berry-club,68
2021-04-10,pixel-party,4
2021-04-10,berry-cards,31
2021-04-10,near-bet,5
2021-04-11,berry-club,41
2021-04-11,near-bet,10
2021-04-11,pixel-party,10
2021-04-11,berry-cards,5
2021-04-12,berry-club,136
2021-04-12,near-bet,8
2021-04-12,berry-cards,25
2021-04-12,pixel-party,28
2021-04-13,berry-club,53
2021-04-13,pixel-party,14
2021-04-13,berry-cards,14
2021-04-13,near-bet,8
2021-04-14,near-crowd,15
2021-04-14,berry-cards,30
2021-04-14,near-bet,8
2021-04-14,pixel-party,15
2021-04-14,galaxy-online,1
2021-04-14,berry-club,170
2021-04-15,berry-club,101
2021-04-15,near-crowd,47
2021-04-15,near-bet,10
2021-04-15,berry-cards,10
2021-04-15,pixel-party,14
2021-04-15,galaxy-online,6
2021-04-16,berry-cards,17
2021-04-16,berry-club,91
2021-04-16,galaxy-online,2
2021-04-16,pixel-party,4
2021-04-16,near-crowd,81
2021-04-16,near-bet,4
2021-04-17,berry-club,112
2021-04-17,near-bet,5
2021-04-17,pixel-party,8
2021-04-17,berry-cards,14
2021-04-17,near-crowd,21
2021-04-17,galaxy-online,1
2021-04-18,berry-cards,3
2021-04-18,near-crowd,21
2021-04-18,near-bet,1
2021-04-18,berry-club,22
2021-04-18,pixel-party,6
2021-04-18,galaxy-online,2
2021-04-19,pixel-party,3
2021-04-19,near-bet,10
2021-04-19,galaxy-online,6
2021-04-19,berry-club,32
2021-04-19,berry-cards,14
2021-04-19,near-crowd,37
2021-04-20,berry-club,53
2021-04-20,near-bet,3
2021-04-20,berry-cards,3
2021-04-20,near-crowd,52
2021-04-20,galaxy-online,1
2021-04-21,near-crowd,114
2021-04-21,near-bet,6
2021-04-21,galaxy-online,4
2021-04-21,berry-cards,4
2021-04-21,pixel-party,4
2021-04-21,berry-club,102
2021-04-22,near-bet,7
2021-04-22,berry-club,42
2021-04-22,near-crowd,40
2021-04-22,berry-cards,1
2021-04-22,galaxy-online,3
2021-04-22,pixel-party,4
2021-04-23,pixel-party,3
2021-04-23,berry-club,21
2021-04-23,near-crowd,26
2021-04-23,galaxy-online,3
2021-04-23,near-bet,6
2021-04-23,berry-cards,3
2021-04-24,pixel-party,4
2021-04-24,galaxy-online,1
2021-04-24,berry-club,15
2021-04-24,near-bet,3
2021-04-24,near-crowd,16
2021-04-24,berry-cards,2
2021-04-25,galaxy-online,3
2021-04-25,pixel-party,3
2021-04-25,near-crowd,12
2021-04-25,berry-club,21
2021-04-25,berry-cards,1
2021-04-25,near-bet,1
2021-04-26,pixel-party,3
2021-04-26,near-crowd,18
2021-04-26,berry-club,53
2021-04-26,berry-cards,7
2021-04-26,galaxy-online,5
2021-04-26,near-bet,6
2021-04-27,pixel-party,7
2021-04-27,near-crowd,26
2021-04-27,berry-club,73
2021-04-27,berry-cards,4
2021-04-27,galaxy-online,2
2021-04-27,near-bet,10
2021-04-28,pixel-party,8
2021-04-28,near-crowd,27
2021-04-28,near-bet,7
2021-04-28,galaxy-online,5
2021-04-28,berry-club,38
2021-04-28,berry-cards,3
2021-04-29,galaxy-online,4
2021-04-29,berry-club,11
2021-04-29,pixel-party,6
2021-04-29,near-crowd,33
2021-04-29,near-bet,6
2021-04-29,berry-cards,5
2021-04-30,pixel-party,13
2021-04-30,near-bet,9
2021-04-30,near-crowd,39
2021-04-30,berry-club,26
2021-04-30,berry-cards,5
2021-04-30,galaxy-online,7
2021-05-01,galaxy-online,8
2021-05-01,pixel-party,4
2021-05-01,berry-club,56
2021-05-01,berry-cards,9
2021-05-01,near-crowd,20
2021-05-01,near-bet,8
2021-05-02,berry-club,38
2021-05-02,near-crowd,21
2021-05-02,pixel-party,10
2021-05-02,near-bet,2
2021-05-02,galaxy-online,2
2021-05-02,berry-cards,3
2021-05-03,near-crowd,23
2021-05-03,berry-cards,4
2021-05-03,berry-club,27
2021-05-03,pixel-party,15
2021-05-03,galaxy-online,1
2021-05-03,near-bet,2
2021-05-04,near-crowd,20
2021-05-04,berry-club,16
2021-05-04,berry-cards,2
2021-05-04,galaxy-online,2
2021-05-04,pixel-party,23
2021-05-04,near-bet,7
2021-05-05,berry-club,46
2021-05-05,near-crowd,24
2021-05-05,near-bet,49
2021-05-05,galaxy-online,5
2021-05-05,berry-cards,8
2021-05-05,pixel-party,14
2021-05-06,berry-club,26
2021-05-06,near-crowd,33
2021-05-06,pixel-party,6
2021-05-06,galaxy-online,3
2021-05-06,berry-cards,6
2021-05-06,near-bet,10
2021-05-07,galaxy-online,5
2021-05-07,pixel-party,5
2021-05-07,berry-club,17
2021-05-07,near-crowd,19
2021-05-07,berry-cards,3
2021-05-07,near-bet,6
2021-05-08,near-bet,5
2021-05-08,berry-cards,2
2021-05-08,pixel-party,12
2021-05-08,ref-finance,1
2021-05-08,galaxy-online,2
2021-05-08,berry-club,11
2021-05-08,near-crowd,23
2021-05-09,near-bet,5
2021-05-09,pixel-party,6
2021-05-09,galaxy-online,5
2021-05-09,ref-finance,1
2021-05-09,berry-cards,2
2021-05-09,berry-club,14
2021-05-09,near-crowd,22
2021-05-10,pixel-party,5
2021-05-10,galaxy-online,1
2021-05-10,near-bet,4
2021-05-10,berry-cards,4
2021-05-10,ref-finance,72
2021-05-10,near-crowd,29
2021-05-10,berry-club,17
2021-05-11,ref-finance,1
2021-05-11,berry-cards,3
2021-05-11,pixel-party,2
2021-05-11,near-crowd,17
2021-05-11,galaxy-online,5
2021-05-11,berry-club,23
2021-05-11,near-bet,6
2021-05-12,pixel-party,12
2021-05-12,near-bet,5
2021-05-12,ref-finance,3
2021-05-12,near-crowd,36
2021-05-12,berry-cards,5
2021-05-12,galaxy-online,5
2021-05-12,berry-club,16
2021-05-13,berry-club,18
2021-05-13,near-bet,9
2021-05-13,pixel-party,6
2021-05-13,near-crowd,48
2021-05-13,berry-cards,3
2021-05-14,berry-club,28
2021-05-14,ref-finance,1
2021-05-14,near-bet,4
2021-05-14,berry-cards,3
2021-05-14,near-crowd,39
2021-05-14,galaxy-online,11
2021-05-14,3d-corgis,6
2021-05-14,pixel-party,13
2021-05-15,berry-club,108
2021-05-15,near-bet,16
2021-05-15,berry-cards,15
2021-05-15,galaxy-online,14
2021-05-15,pixel-party,17
2021-05-15,near-crowd,39
2021-05-15,ref-finance,5
2021-05-15,3d-corgis,33
2021-05-16,berry-club,24
2021-05-16,near-crowd,16
2021-05-16,3d-corgis,22
2021-05-16,berry-cards,5
2021-05-16,pixel-party,6
2021-05-16,galaxy-online,2
2021-05-16,ref-finance,1
2021-05-16,near-bet,6
2021-05-17,near-crowd,26
2021-05-17,near-bet,6
2021-05-17,pixel-party,4
2021-05-17,3d-corgis,4
2021-05-17,berry-club,35
2021-05-17,galaxy-online,5
2021-05-17,berry-cards,3
2021-05-18,galaxy-online,4
2021-05-18,berry-club,25
2021-05-18,berry-cards,2
2021-05-18,near-bet,13
2021-05-18,ref-finance,1
2021-05-18,near-crowd,33
2021-05-18,3d-corgis,2
2021-05-18,pixel-party,14
2021-05-19,3d-corgis,3
2021-05-19,berry-club,37
2021-05-19,near-bet,4
2021-05-19,near-crowd,36
2021-05-19,galaxy-online,8
2021-05-19,pixel-party,8
2021-05-19,berry-cards,7
2021-05-20,ref-finance,6
2021-05-20,near-bet,4
2021-05-20,berry-cards,5
2021-05-20,3d-corgis,1
2021-05-20,near-crowd,27
2021-05-20,berry-club,36
2021-05-20,pixel-party,10
2021-05-20,galaxy-online,23
2021-05-21,near-crowd,37
2021-05-21,galaxy-online,7
2021-05-21,pixel-party,5
2021-05-21,near-bet,10
2021-05-21,ref-finance,2
2021-05-21,berry-cards,8
2021-05-21,berry-club,47
2021-05-21,3d-corgis,3
2021-05-22,3d-corgis,1
2021-05-22,near-bet,1
2021-05-22,berry-cards,19
2021-05-22,berry-club,35
2021-05-22,pixel-party,4
2021-05-22,ref-finance,1
2021-05-22,near-crowd,23
2021-05-22,galaxy-online,6
2021-05-23,3d-corgis,2
2021-05-23,galaxy-online,20
2021-05-23,near-bet,2
2021-05-23,berry-club,15
2021-05-23,pixel-party,2
2021-05-23,berry-cards,2
2021-05-23,near-crowd,15
2021-05-24,galaxy-online,32
2021-05-24,berry-cards,2
2021-05-24,pixel-party,4
2021-05-24,berry-club,12
2021-05-24,near-bet,3
2021-05-24,near-crowd,34
2021-05-25,galaxy-online,10
2021-05-25,berry-club,8
2021-05-25,near-crowd,31
2021-05-25,pixel-party,1
2021-05-25,near-bet,4
2021-05-25,berry-cards,1
2021-05-25,3d-corgis,4
2021-05-25,ref-finance,3
2021-05-26,pixel-party,3
2021-05-26,near-bet,3
2021-05-26,galaxy-online,6
2021-05-26,3d-corgis,3
2021-05-26,berry-club,62
2021-05-26,ref-finance,7
2021-05-26,berry-cards,8
2021-05-26,near-crowd,34
2021-05-27,pixel-party,4
2021-05-27,3d-corgis,4
2021-05-27,near-crowd,28
2021-05-27,berry-cards,5
2021-05-27,near-bet,2
2021-05-27,ref-finance,1
2021-05-27,berry-club,27
2021-05-27,galaxy-online,16
2021-05-28,near-crowd,31
2021-05-28,galaxy-online,7
2021-05-28,berry-club,14
2021-05-28,near-bet,5
2021-05-28,pixel-party,5
2021-05-28,3d-corgis,3
2021-05-28,berry-cards,2
2021-05-29,pixel-party,1
2021-05-29,near-bet,3
2021-05-29,near-crowd,20
2021-05-29,berry-club,16
2021-05-29,3d-corgis,6
2021-05-29,galaxy-online,7
2021-05-29,ref-finance,14
2021-05-29,berry-cards,4
2021-05-30,berry-cards,2
2021-05-30,3d-corgis,4
2021-05-30,pixel-party,6
2021-05-30,near-bet,3
2021-05-30,ref-finance,10
2021-05-30,near-crowd,27
2021-05-30,berry-club,20
2021-05-30,galaxy-online,7
2021-05-31,near-bet,2
2021-05-31,berry-cards,5
2021-05-31,3d-corgis,5
2021-05-31,ref-finance,6
2021-05-31,near-crowd,35
2021-05-31,galaxy-online,7
2021-05-31,pixel-party,4
2021-05-31,berry-club,54
2021-06-01,near-crowd,28
2021-06-01,pixel-party,6
2021-06-01,berry-club,29
2021-06-01,berry-cards,3
2021-06-01,near-bet,2
2021-06-01,galaxy-online,5
2021-06-01,3d-corgis,1
2021-06-02,near-crowd,71
2021-06-02,berry-cards,4
2021-06-02,3d-corgis,1
2021-06-02,near-bet,15
2021-06-02,pixel-party,15
2021-06-02,ref-finance,68
2021-06-02,berry-club,56
2021-06-02,galaxy-online,43
2021-06-03,ref-finance,644
2021-06-03,berry-cards,5
2021-06-03,berry-club,26
2021-06-03,near-crowd,78
2021-06-03,galaxy-online,31
2021-06-03,pixel-party,7
2021-06-03,near-bet,14
2021-06-03,3d-corgis,1
2021-06-04,berry-club,33
2021-06-04,3d-corgis,2
2021-06-04,near-crowd,86
2021-06-04,galaxy-online,11
2021-06-04,near-bet,4
2021-06-04,pixel-party,9
2021-06-04,berry-cards,4
2021-06-04,ref-finance,269
2021-06-05,ref-finance,760
2021-06-05,near-bet,8
2021-06-05,berry-club,53
2021-06-05,near-crowd,33
2021-06-05,pixel-party,13
2021-06-05,berry-cards,7
2021-06-05,3d-corgis,3
2021-06-05,galaxy-online,6
2021-06-06,ref-finance,521
2021-06-06,berry-cards,5
2021-06-06,pixel-party,10
2021-06-06,3d-corgis,1
2021-06-06,near-crowd,39
2021-06-06,berry-club,39
2021-06-06,near-bet,4
2021-06-06,galaxy-online,6
2021-06-07,galaxy-online,9
2021-06-07,3d-corgis,3
2021-06-07,near-crowd,47
2021-06-07,near-bet,13
2021-06-07,ref-finance,398
2021-06-07,pixel-party,4
2021-06-07,berry-cards,4
2021-06-07,berry-club,15
2021-06-08,ref-finance,248
2021-06-08,pixel-party,2
2021-06-08,berry-cards,1
2021-06-08,berry-club,33
2021-06-08,3d-corgis,4
2021-06-08,near-bet,4
2021-06-08,near-crowd,37
2021-06-08,galaxy-online,83
2021-06-09,berry-club,17
2021-06-09,berry-cards,3
2021-06-09,3d-corgis,3
2021-06-09,pixel-party,4
2021-06-09,near-crowd,49
2021-06-09,galaxy-online,34
2021-06-09,near-bet,4
2021-06-09,ref-finance,266
2021-06-10,near-bet,9
2021-06-10,galaxy-online,23
2021-06-10,near-crowd,23
2021-06-10,pixel-party,2
2021-06-10,berry-club,10
2021-06-10,3d-corgis,1
2021-06-10,ref-finance,268
2021-06-11,near-bet,1
2021-06-11,pixel-party,1
2021-06-11,berry-club,13
2021-06-11,ref-finance,245
2021-06-11,near-crowd,51
2021-06-11,berry-cards,3
2021-06-11,galaxy-online,57
2021-06-12,berry-club,23
2021-06-12,berry-cards,3
2021-06-12,metamon,27
2021-06-12,near-crowd,43
2021-06-12,galaxy-online,105
2021-06-12,ref-finance,534
2021-06-12,pixel-party,6
2021-06-12,near-bet,5
2021-06-13,berry-cards,5
2021-06-13,galaxy-online,52
2021-06-13,metamon,27
2021-06-13,berry-club,36
2021-06-13,ref-finance,519
2021-06-13,pixel-party,11
2021-06-13,near-bet,6
2021-06-13,near-crowd,49
2021-06-13,3d-corgis,1
2021-06-14,galaxy-online,52
2021-06-14,pixel-party,4
2021-06-14,metamon,6
2021-06-14,near-bet,1
2021-06-14,near-crowd,71
2021-06-14,berry-cards,4
2021-06-14,3d-corgis,1
2021-06-14,ref-finance,200
2021-06-14,berry-club,44
2021-06-15,3d-corgis,4
2021-06-15,berry-cards,3
2021-06-15,galaxy-online,36
2021-06-15,berry-club,23
2021-06-15,ref-finance,225
2021-06-15,near-crowd,64
2021-06-15,metamon,14
2021-06-15,pixel-party,4
2021-06-15,near-bet,6
2021-06-16,pixel-party,5
2021-06-16,galaxy-online,25
2021-06-16,ref-finance,161
2021-06-16,near-crowd,53
2021-06-16,metamon,7
2021-06-16,near-bet,5
2021-06-16,berry-club,37
2021-06-16,berry-cards,3
2021-06-16,3d-corgis,1
2021-06-17,berry-club,25
2021-06-17,ref-finance,162
2021-06-17,near-crowd,61
2021-06-17,3d-corgis,1
2021-06-17,metamon,5
2021-06-17,galaxy-online,25
2021-06-17,near-bet,3
2021-06-17,pixel-party,3
2021-06-17,berry-cards,3
2021-06-18,galaxy-online,13
2021-06-18,ref-finance,110
2021-06-18,near-bet,1
2021-06-18,metamon,4
2021-06-18,berry-cards,1
2021-06-18,near-crowd,49
2021-06-18,pixel-party,12
2021-06-18,berry-club,58
2021-06-19,3d-corgis,3
2021-06-19,metamon,28
2021-06-19,galaxy-online,10
2021-06-19,pixel-party,4
2021-06-19,nft-hiphop,47
2021-06-19,berry-cards,5
2021-06-19,near-crowd,102
2021-06-19,ref-finance,161
2021-06-19,near-bet,8
2021-06-19,berry-club,23
2021-06-20,galaxy-online,14
2021-06-20,metamon,12
2021-06-20,near-bet,6
2021-06-20,near-crowd,56
2021-06-20,ref-finance,142
2021-06-20,pixel-party,6
2021-06-20,3d-corgis,2
2021-06-20,berry-cards,5
2021-06-20,nft-hiphop,44
2021-06-20,berry-club,13
2021-06-21,near-crowd,53
2021-06-21,berry-cards,3
2021-06-21,galaxy-online,11
2021-06-21,ref-finance,119
2021-06-21,nft-hiphop,39
2021-06-21,metamon,12
2021-06-21,3d-corgis,3
2021-06-21,near-bet,2
2021-06-21,berry-club,17
2021-06-21,pixel-party,4
2021-06-22,metamon,6
2021-06-22,ref-finance,229
2021-06-22,berry-cards,2
2021-06-22,near-crowd,52
2021-06-22,pixel-party,3
2021-06-22,3d-corgis,2
2021-06-22,near-bet,4
2021-06-22,galaxy-online,15
2021-06-22,nft-hiphop,20
2021-06-22,berry-club,12
2021-06-23,galaxy-online,4
2021-06-23,near-crowd,47
2021-06-23,near-bet,2
2021-06-23,skyward-finance,10
2021-06-23,ref-finance,115
2021-06-23,berry-club,31
2021-06-23,pixel-party,4
2021-06-23,metamon,12
2021-06-23,berry-cards,3
2021-06-23,nft-hiphop,14
2021-06-24,berry-club,86
2021-06-24,near-bet,2
2021-06-24,pixel-party,1
2021-06-24,3d-corgis,3
2021-06-24,metamon,8
2021-06-24,skyward-finance,1140
2021-06-24,nft-hiphop,7
2021-06-24,galaxy-online,9
2021-06-24,ref-finance,80
2021-06-24,near-crowd,43
2021-06-25,pixel-party,3
2021-06-25,galaxy-online,6
2021-06-25,skyward-finance,200
2021-06-25,3d-corgis,1
2021-06-25,metamon,4
2021-06-25,near-bet,1
2021-06-25,nft-hiphop,5
2021-06-25,ref-finance,68
2021-06-25,berry-club,22
2021-06-25,near-crowd,28
2021-06-26,3d-corgis,1
2021-06-26,metamon,3
2021-06-26,galaxy-online,6
2021-06-26,pixel-party,2
2021-06-26,berry-club,36
2021-06-26,skyward-finance,84
2021-06-26,near-crowd,31
2021-06-26,nft-hiphop,5
2021-06-26,ref-finance,63
2021-06-27,berry-cards,5
2021-06-27,skyward-finance,72
2021-06-27,berry-club,56
2021-06-27,ref-finance,141
2021-06-27,pixel-party,2
2021-06-27,near-crowd,66
2021-06-27,3d-corgis,3
2021-06-27,galaxy-online,8
2021-06-27,metamon,8
2021-06-28,metamon,4
2021-06-28,near-crowd,55
2021-06-28,skyward-finance,103
2021-06-28,berry-cards,4
2021-06-28,galaxy-online,3
2021-06-28,near-bet,4
2021-06-28,nft-hiphop,6
2021-06-28,pixel-party,5
2021-06-28,berry-club,18
2021-06-28,ref-finance,101
2021-06-29,near-bet,2
2021-06-29,metamon,4
2021-06-29,skyward-finance,311
2021-06-29,nft-hiphop,1
2021-06-29,3d-corgis,1
2021-06-29,pixel-party,4
2021-06-29,ref-finance,114
2021-06-29,berry-club,22
2021-06-29,galaxy-online,3
2021-06-29,near-crowd,50
2021-06-29,berry-cards,3
2021-06-30,skyward-finance,451
2021-06-30,ref-finance,172
2021-06-30,pixel-party,4
2021-06-30,near-bet,2
2021-06-30,3d-corgis,5
2021-06-30,berry-club,33
2021-06-30,berry-cards,3
2021-06-30,metamon,4
2021-06-30,nft-hiphop,2
2021-06-30,galaxy-online,5
2021-06-30,near-crowd,46
2021-07-01,skyward-finance,374
2021-07-01,ref-finance,219
2021-07-01,pixel-party,6
2021-07-01,galaxy-online,2
2021-07-01,3d-corgis,3
2021-07-01,nft-hiphop,1
2021-07-01,berry-club,6
2021-07-01,near-bet,1
2021-07-01,metamon,3
2021-07-01,near-crowd,38
2021-07-01,berry-cards,1
2021-07-02,skyward-finance,173
2021-07-02,nft-hiphop,2
2021-07-02,berry-club,9
2021-07-02,berry-cards,1
2021-07-02,3d-corgis,1
2021-07-02,near-crowd,61
2021-07-02,metamon,3
2021-07-02,ref-finance,269
2021-07-02,galaxy-online,4
2021-07-02,pixel-party,6
2021-07-03,near-crowd,56
2021-07-03,pixel-party,1
2021-07-03,galaxy-online,4
2021-07-03,near-bet,2
2021-07-03,berry-cards,3
2021-07-03,ref-finance,240
2021-07-03,skyward-finance,210
2021-07-03,metamon,3
2021-07-03,berry-club,10
2021-07-03,nft-hiphop,2
2021-07-04,galaxy-online,6
2021-07-04,berry-cards,2
2021-07-04,near-bet,3
2021-07-04,ref-finance,183
2021-07-04,nft-hiphop,4
2021-07-04,near-crowd,46
2021-07-04,metamon,3
2021-07-04,berry-club,10
2021-07-04,skyward-finance,205
2021-07-05,near-bet,3
2021-07-05,near-crowd,53
2021-07-05,skyward-finance,109
2021-07-05,metamon,9
2021-07-05,berry-club,11
2021-07-05,nft-hiphop,2
2021-07-05,3d-corgis,3
2021-07-05,pixel-party,1
2021-07-05,ref-finance,179
2021-07-05,galaxy-online,9
2021-07-06,berry-club,46
2021-07-06,near-bet,3
2021-07-06,3d-corgis,3
2021-07-06,skyward-finance,68
2021-07-06,ref-finance,289
2021-07-06,near-crowd,47
2021-07-06,pixel-party,2
2021-07-06,nft-hiphop,38
2021-07-06,galaxy-online,4
2021-07-06,berry-cards,2
2021-07-07,berry-club,28
2021-07-07,near-crowd,65
2021-07-07,near-bet,2
2021-07-07,metamon,5
2021-07-07,berry-cards,1
2021-07-07,3d-corgis,1
2021-07-07,galaxy-online,5
2021-07-07,nft-hiphop,6
2021-07-07,ref-finance,170
2021-07-07,skyward-finance,88
2021-07-08,skyward-finance,81
2021-07-08,berry-club,18
2021-07-08,galaxy-online,1
2021-07-08,3d-corgis,2
2021-07-08,metamon,5
2021-07-08,pixel-party,3
2021-07-08,berry-cards,7
2021-07-08,near-crowd,66
2021-07-08,ref-finance,451
2021-07-08,nft-hiphop,31
2021-07-08,near-bet,2
2021-07-09,galaxy-online,2
2021-07-09,berry-cards,2
2021-07-09,near-bet,1
2021-07-09,pixel-party,2
2021-07-09,near-crowd,75
2021-07-09,berry-club,11
2021-07-09,nft-hiphop,15
2021-07-09,ref-finance,393
2021-07-09,skyward-finance,49
2021-07-09,metamon,12
2021-07-09,3d-corgis,3
2021-07-10,skyward-finance,52
2021-07-10,near-bet,2
2021-07-10,near-crowd,55
2021-07-10,berry-cards,1
2021-07-10,berry-club,11
2021-07-10,metamon,3
2021-07-10,nft-hiphop,1
2021-07-10,pixel-party,4
2021-07-10,galaxy-online,4
2021-07-10,ref-finance,132
2021-07-11,berry-cards,5
2021-07-11,skyward-finance,26
2021-07-11,near-crowd,48
2021-07-11,3d-corgis,2
2021-07-11,pixel-party,4
2021-07-11,galaxy-online,4
2021-07-11,ref-finance,286
2021-07-11,near-bet,2
2021-07-11,metamon,3
2021-07-11,nft-hiphop,3
2021-07-11,berry-club,12
2021-07-12,berry-cards,2
2021-07-12,skyward-finance,14
2021-07-12,3d-corgis,2
2021-07-12,near-bet,1
2021-07-12,ref-finance,179
2021-07-12,near-crowd,78
2021-07-12,pixel-party,5
2021-07-12,berry-club,8
2021-07-12,metamon,1
2021-07-12,galaxy-online,5
2021-07-12,nft-hiphop,4
2021-07-13,metamon,8
2021-07-13,near-bet,2
2021-07-13,pixel-party,5
2021-07-13,nft-hiphop,2
2021-07-13,skyward-finance,88
2021-07-13,galaxy-online,6
2021-07-13,berry-cards,1
2021-07-13,near-crowd,59
2021-07-13,berry-club,14
2021-07-13,3d-corgis,1
2021-07-13,ref-finance,681
2021-07-14,berry-club,33
2021-07-14,pixel-party,17
2021-07-14,3d-corgis,3
2021-07-14,near-crowd,116
2021-07-14,nft-hiphop,3
2021-07-14,metamon,2
2021-07-14,skyward-finance,26
2021-07-14,ref-finance,350
2021-07-14,galaxy-online,13
2021-07-14,near-bet,10
2021-07-15,near-bet,4
2021-07-15,near-crowd,66
2021-07-15,galaxy-online,10
2021-07-15,pixel-party,7
2021-07-15,nft-hiphop,3
2021-07-15,skyward-finance,16
2021-07-15,berry-club,19
2021-07-15,metamon,5
2021-07-15,berry-cards,3
2021-07-15,ref-finance,285
2021-07-16,berry-club,15
2021-07-16,galaxy-online,8
2021-07-16,ref-finance,619
2021-07-16,skyward-finance,23
2021-07-16,nft-hiphop,4
2021-07-16,berry-cards,3
2021-07-16,3d-corgis,1
2021-07-16,near-bet,7
2021-07-16,near-crowd,18
2021-07-16,pixel-party,13
2021-07-16,metamon,6
2021-07-17,3d-corgis,1
2021-07-17,skyward-finance,36
2021-07-17,pixel-party,5
2021-07-17,berry-cards,1
2021-07-17,berry-club,19
2021-07-17,metamon,5
2021-07-17,galaxy-online,4
2021-07-17,ref-finance,625
2021-07-17,near-crowd,17
2021-07-17,near-bet,2
2021-07-17,nft-hiphop,1
2021-07-18,skyward-finance,16
2021-07-18,berry-club,17
2021-07-18,3d-corgis,2
2021-07-18,pixel-party,7
2021-07-18,galaxy-online,8
2021-07-18,near-crowd,13
2021-07-18,ref-finance,457
2021-07-18,berry-cards,3
2021-07-18,nft-hiphop,1
2021-07-18,near-bet,4
2021-07-18,metamon,6
2021-07-19,galaxy-online,4
2021-07-19,near-crowd,21
2021-07-19,near-bet,6
2021-07-19,metamon,9
2021-07-19,skyward-finance,52
2021-07-19,ref-finance,319
2021-07-19,nft-hiphop,2
2021-07-19,berry-cards,2
2021-07-19,berry-club,12
2021-07-19,pixel-party,12
2021-07-19,3d-corgis,2
2021-07-20,near-bet,1
2021-07-20,pixel-party,3
2021-07-20,berry-cards,2
2021-07-20,ref-finance,250
2021-07-20,galaxy-online,6
2021-07-20,metamon,5
2021-07-20,near-crowd,12
2021-07-20,nft-hiphop,1
2021-07-20,berry-club,12
2021-07-20,skyward-finance,62
2021-07-21,metamon,2
2021-07-21,near-crowd,14
2021-07-21,ref-finance,367
2021-07-21,galaxy-online,8
2021-07-21,pixel-party,3
2021-07-21,berry-club,5
2021-07-21,skyward-finance,28
2021-07-21,berry-cards,1
2021-07-21,nft-hiphop,1
2021-07-21,near-bet,1
2021-07-22,3d-corgis,1
2021-07-22,berry-club,24
2021-07-22,galaxy-online,1
2021-07-22,near-crowd,35
2021-07-22,near-bet,1
2021-07-22,pixel-party,3
2021-07-22,nft-hiphop,9
2021-07-22,metamon,4
2021-07-22,ref-finance,266
2021-07-22,skyward-finance,89
2021-07-23,ref-finance,305
2021-07-23,near-crowd,29
2021-07-23,berry-club,9
2021-07-23,nft-hiphop,5
2021-07-23,skyward-finance,48
2021-07-23,galaxy-online,5
2021-07-23,metamon,1
2021-07-23,near-bet,2
2021-07-23,berry-cards,1
2021-07-23,pixel-party,4
2021-07-23,3d-corgis,3
2021-07-24,ref-finance,455
2021-07-24,skyward-finance,91
2021-07-24,berry-club,3
2021-07-24,berry-cards,3
2021-07-24,galaxy-online,6
2021-07-24,near-crowd,26
2021-07-24,nft-hiphop,3
2021-07-24,near-bet,4
2021-07-24,pixel-party,5
2021-07-24,3d-corgis,1
2021-07-24,metamon,8
2021-07-25,galaxy-online,11
2021-07-25,berry-club,5
2021-07-25,nft-hiphop,1
2021-07-25,pixel-party,7
2021-07-25,3d-corgis,1
2021-07-25,near-bet,1
2021-07-25,skyward-finance,175
2021-07-25,metamon,2
2021-07-25,near-crowd,29
2021-07-25,ref-finance,135
2021-07-26,ref-finance,222
2021-07-26,3d-corgis,1
2021-07-26,nft-hiphop,12
2021-07-26,metamon,5
2021-07-26,near-crowd,45
2021-07-26,galaxy-online,5
2021-07-26,skyward-finance,438
2021-07-26,near-bet,2
2021-07-26,berry-club,6
2021-07-26,berry-cards,1
2021-07-26,pixel-party,3
2021-07-27,metamon,3
2021-07-27,berry-cards,1
2021-07-27,berry-club,14
2021-07-27,galaxy-online,6
2021-07-27,near-crowd,36
2021-07-27,pixel-party,4
2021-07-27,skyward-finance,121
2021-07-27,nft-hiphop,13
2021-07-27,ref-finance,125
2021-07-27,3d-corgis,1
2021-07-28,galaxy-online,6
2021-07-28,berry-club,10
2021-07-28,metamon,3
2021-07-28,ref-finance,111
2021-07-28,skyward-finance,86
2021-07-28,pixel-party,5
2021-07-28,near-crowd,44
2021-07-28,3d-corgis,3
2021-07-28,berry-cards,2
2021-07-29,near-bet,3
2021-07-29,near-crowd,52
2021-07-29,metamon,3
2021-07-29,ref-finance,160
2021-07-29,skyward-finance,95
2021-07-29,galaxy-online,5
2021-07-29,berry-club,5
2021-07-29,pixel-party,5
2021-07-29,nft-hiphop,1
2021-07-30,near-bet,1
2021-07-30,metamon,4
2021-07-30,near-crowd,43
2021-07-30,ref-finance,316
2021-07-30,galaxy-online,7
2021-07-30,3d-corgis,7
2021-07-30,skyward-finance,203
2021-07-30,berry-cards,1
2021-07-30,pixel-party,1
2021-07-30,berry-club,15
2021-07-31,near-bet,3
2021-07-31,ref-finance,381
2021-07-31,3d-corgis,1
2021-07-31,skyward-finance,423
2021-07-31,berry-cards,2
2021-07-31,nft-hiphop,1
2021-07-31,galaxy-online,7
2021-07-31,metamon,2
2021-07-31,berry-club,6
2021-07-31,near-crowd,44
2021-07-31,pixel-party,5
2021-08-01,pixel-party,3
2021-08-01,3d-corgis,2
2021-08-01,near-crowd,45
2021-08-01,berry-club,6
2021-08-01,near-bet,1
2021-08-01,skyward-finance,193
2021-08-01,ref-finance,153
2021-08-01,metamon,1
2021-08-01,galaxy-online,7
2021-08-02,nft-hiphop,1
2021-08-02,galaxy-online,6
2021-08-02,metamon,4
2021-08-02,near-crowd,47
2021-08-02,pixel-party,5
2021-08-02,skyward-finance,188
2021-08-02,3d-corgis,3
2021-08-02,berry-club,8
2021-08-02,ref-finance,98
2021-08-03,skyward-finance,91
2021-08-03,3d-corgis,3
2021-08-03,near-bet,1
2021-08-03,metamon,2
2021-08-03,near-crowd,40
2021-08-03,nft-hiphop,1
2021-08-03,berry-club,6
2021-08-03,ref-finance,85
2021-08-03,pixel-party,1
2021-08-03,galaxy-online,6
2021-08-04,skyward-finance,49
2021-08-04,ref-finance,82
2021-08-04,metamon,5
2021-08-04,galaxy-online,6
2021-08-04,berry-cards,4
2021-08-04,near-bet,2
2021-08-04,near-crowd,36
2021-08-04,3d-corgis,1
2021-08-04,pixel-party,3
2021-08-04,berry-club,8
2021-08-04,nft-hiphop,1
2021-08-05,metamon,3
2021-08-05,galaxy-online,7
2021-08-05,near-crowd,27
2021-08-05,skyward-finance,62
2021-08-05,3d-corgis,3
2021-08-05,ref-finance,73
2021-08-05,pixel-party,3
2021-08-05,near-bet,1
2021-08-05,berry-club,4
2021-08-06,3d-corgis,3
2021-08-06,near-bet,3
2021-08-06,ref-finance,109
2021-08-06,galaxy-online,8
2021-08-06,metamon,4
2021-08-06,near-crowd,23
2021-08-06,skyward-finance,33
2021-08-06,berry-cards,1
2021-08-06,pixel-party,4
2021-08-06,berry-club,3
2021-08-06,nft-hiphop,2
2021-08-07,near-crowd,33
2021-08-07,3d-corgis,1
2021-08-07,metamon,1
2021-08-07,skyward-finance,38
2021-08-07,ref-finance,499
2021-08-07,galaxy-online,2
2021-08-07,pixel-party,7
2021-08-07,near-bet,2
2021-08-07,berry-club,9
2021-08-08,skyward-finance,83
2021-08-08,pixel-party,5
2021-08-08,ref-finance,638
2021-08-08,berry-club,5
2021-08-08,galaxy-online,1
2021-08-08,near-crowd,54
2021-08-08,berry-cards,1
2021-08-08,near-bet,5
2021-08-08,metamon,3
2021-08-09,berry-cards,5
2021-08-09,metamon,1
2021-08-09,pixel-party,4
2021-08-09,skyward-finance,77
2021-08-09,ref-finance,224
2021-08-09,near-bet,3
2021-08-09,berry-club,5
2021-08-09,galaxy-online,5
2021-08-09,near-crowd,49
2021-08-09,nft-hiphop,1
2021-08-10,skyward-finance,116
2021-08-10,berry-cards,1
2021-08-10,berry-club,2
2021-08-10,metamon,5
2021-08-10,3d-corgis,1
2021-08-10,pixel-party,3
2021-08-10,nft-hiphop,1
2021-08-10,near-bet,6
2021-08-10,near-crowd,42
2021-08-10,ref-finance,280
2021-08-10,galaxy-online,7
2021-08-11,skyward-finance,63
2021-08-11,metamon,5
2021-08-11,galaxy-online,7
2021-08-11,pixel-party,4
2021-08-11,near-crowd,52
2021-08-11,berry-club,4
2021-08-11,near-bet,4
2021-08-11,ref-finance,210
2021-08-11,nft-hiphop,2
2021-08-11,3d-corgis,1
2021-08-12,metamon,4
2021-08-12,berry-club,3
2021-08-12,nft-hiphop,2
2021-08-12,ref-finance,206
2021-08-12,near-crowd,46
2021-08-12,pixel-party,6
2021-08-12,3d-corgis,2
2021-08-12,skyward-finance,150
2021-08-12,near-bet,1
2021-08-12,galaxy-online,4
2021-08-13,galaxy-online,3
2021-08-13,3d-corgis,1
2021-08-13,metamon,4
2021-08-13,near-crowd,34
2021-08-13,ref-finance,525
2021-08-13,nft-hiphop,1
2021-08-13,skyward-finance,734
2021-08-13,near-bet,4
2021-08-13,berry-cards,1
2021-08-13,berry-club,11
2021-08-14,berry-club,12
2021-08-14,near-crowd,17
2021-08-14,3d-corgis,3
2021-08-14,galaxy-online,2
2021-08-14,near-bet,6
2021-08-14,ref-finance,302
2021-08-14,metamon,4
2021-08-14,berry-cards,2
2021-08-14,pixel-party,6
2021-08-14,skyward-finance,2465
2021-08-15,skyward-finance,295
2021-08-15,berry-cards,3
2021-08-15,metamon,1
2021-08-15,galaxy-online,4
2021-08-15,near-crowd,25
2021-08-15,pixel-party,2
2021-08-15,near-bet,1
2021-08-15,berry-club,11
2021-08-16,berry-cards,4
2021-08-16,nft-hiphop,1
2021-08-16,galaxy-online,3
2021-08-16,metamon,3
2021-08-16,skyward-finance,201
2021-08-16,pixel-party,7
2021-08-16,near-crowd,22
2021-08-16,berry-club,4
2021-08-17,berry-club,11
2021-08-17,nft-hiphop,1
2021-08-17,3d-corgis,1
2021-08-17,near-crowd,38
2021-08-17,galaxy-online,2
2021-08-17,pixel-party,5
2021-08-17,skyward-finance,195
2021-08-17,near-bet,3
2021-08-17,metamon,6
2021-08-18,pixel-party,8
2021-08-18,skyward-finance,455
2021-08-18,galaxy-online,7
2021-08-18,near-bet,4
2021-08-18,3d-corgis,2
2021-08-18,metamon,7
2021-08-18,near-crowd,36
2021-08-18,berry-club,9
2021-08-18,nft-hiphop,4
2021-08-19,galaxy-online,4
2021-08-19,nft-hiphop,4
2021-08-19,pixel-party,3
2021-08-19,berry-club,10
2021-08-19,skyward-finance,303
2021-08-19,berry-cards,3
2021-08-19,3d-corgis,1
2021-08-19,near-crowd,31
2021-08-19,near-bet,3
2021-08-19,metamon,9
2021-08-20,near-crowd,19
2021-08-20,metamon,11
2021-08-20,skyward-finance,407
2021-08-20,pixel-party,5
2021-08-20,berry-cards,5
2021-08-20,near-bet,5
2021-08-20,galaxy-online,9
2021-08-20,nft-hiphop,2
2021-08-20,berry-club,6
2021-08-20,3d-corgis,1
2021-08-21,near-bet,2
2021-08-21,nft-hiphop,2
2021-08-21,berry-club,16
2021-08-21,metamon,10
2021-08-21,galaxy-online,5
2021-08-21,skyward-finance,648
2021-08-21,berry-cards,5
2021-08-21,ref-finance,2
2021-08-21,3d-corgis,8
2021-08-21,near-crowd,28
2021-08-21,pixel-party,14
2021-08-22,pixel-party,10
2021-08-22,berry-cards,1
2021-08-22,near-crowd,28
2021-08-22,galaxy-online,5
2021-08-22,nft-hiphop,1
2021-08-22,Meta-Pool,2
2021-08-22,metamon,12
2021-08-22,skyward-finance,1152
2021-08-22,near-bet,8
2021-08-22,ref-finance,124
2021-08-22,berry-club,17
2021-08-23,metamon,10
2021-08-23,ref-finance,308
2021-08-23,Meta-Pool,475
2021-08-23,skyward-finance,503
2021-08-23,pixel-party,7
2021-08-23,near-crowd,18
2021-08-23,berry-cards,3
2021-08-23,3d-corgis,10
2021-08-23,near-bet,3
2021-08-23,berry-club,14
2021-08-23,galaxy-online,5
2021-08-23,nft-hiphop,4
2021-08-24,ref-finance,160
2021-08-24,pixel-party,5
2021-08-24,Meta-Pool,364
2021-08-24,nft-hiphop,1
2021-08-24,near-crowd,23
2021-08-24,3d-corgis,1
2021-08-24,skyward-finance,288
2021-08-24,metamon,5
2021-08-24,galaxy-online,5
2021-08-24,berry-club,10
2021-08-24,berry-cards,5
2021-08-25,nft-hiphop,2
2021-08-25,berry-cards,2
2021-08-25,galaxy-online,4
2021-08-25,Meta-Pool,159
2021-08-25,pixel-party,3
2021-08-25,skyward-finance,814
2021-08-25,near-crowd,22
2021-08-25,metamon,3
2021-08-25,berry-club,12
2021-08-25,near-bet,2
2021-08-25,3d-corgis,2
2021-08-25,ref-finance,160
2021-08-26,near-crowd,21
2021-08-26,berry-cards,1
2021-08-26,ref-finance,226
2021-08-26,skyward-finance,439
2021-08-26,pixel-party,11
2021-08-26,galaxy-online,7
2021-08-26,near-bet,4
2021-08-26,Meta-Pool,104
2021-08-26,nft-hiphop,1
2021-08-26,berry-club,11
2021-08-26,metamon,5
2021-08-27,near-crowd,38
2021-08-27,nft-hiphop,2
2021-08-27,near-bet,6
2021-08-27,galaxy-online,6
2021-08-27,ref-finance,299
2021-08-27,metamon,13
2021-08-27,skyward-finance,533
2021-08-27,pixel-party,12
2021-08-27,3d-corgis,2
2021-08-27,berry-club,18
2021-08-27,berry-cards,3
2021-08-27,Meta-Pool,67
2021-08-28,berry-cards,6
2021-08-28,nft-hiphop,7
2021-08-28,pixel-party,11
2021-08-28,Meta-Pool,62
2021-08-28,metamon,13
2021-08-28,berry-club,5
2021-08-28,3d-corgis,3
2021-08-28,skyward-finance,549
2021-08-28,near-bet,5
2021-08-28,ref-finance,390
2021-08-28,galaxy-online,5
2021-08-28,near-crowd,27
2021-08-29,near-bet,3
2021-08-29,nft-hiphop,1
2021-08-29,Meta-Pool,48
2021-08-29,galaxy-online,7
2021-08-29,skyward-finance,212
2021-08-29,berry-club,12
2021-08-29,near-crowd,39
2021-08-29,ref-finance,553
2021-08-29,metamon,19
2021-08-29,berry-cards,4
2021-08-29,pixel-party,16
2021-08-29,3d-corgis,3
2021-08-30,Meta-Pool,46
2021-08-30,3d-corgis,1
2021-08-30,near-crowd,34
2021-08-30,skyward-finance,176
2021-08-30,berry-cards,3
2021-08-30,berry-club,11
2021-08-30,galaxy-online,5
2021-08-30,ref-finance,438
2021-08-30,metamon,8
2021-08-30,pixel-party,9
2021-08-30,nft-hiphop,2
2021-08-31,near-bet,2
2021-08-31,3d-corgis,1
2021-08-31,metamon,8
2021-08-31,ref-finance,261
2021-08-31,skyward-finance,1172
2021-08-31,Meta-Pool,90
2021-08-31,berry-club,10
2021-08-31,berry-cards,1
2021-08-31,nft-hiphop,5
2021-08-31,near-crowd,25
2021-08-31,pixel-party,10
2021-08-31,galaxy-online,5
2021-09-01,nft-hiphop,5
2021-09-01,near-bet,3
2021-09-01,metamon,11
2021-09-01,galaxy-online,5
2021-09-01,berry-cards,6
2021-09-01,ref-finance,885
2021-09-01,3d-corgis,5
2021-09-01,Meta-Pool,60
2021-09-01,skyward-finance,5584
2021-09-01,near-crowd,43
2021-09-01,pixel-party,3
2021-09-01,berry-club,9
2021-09-02,near-crowd,56
2021-09-02,nft-hiphop,5
2021-09-02,ref-finance,349
2021-09-02,pixel-party,5
2021-09-02,galaxy-online,5
2021-09-02,Meta-Pool,61
2021-09-02,3d-corgis,2
2021-09-02,near-bet,5
2021-09-02,berry-club,17
2021-09-02,metamon,2
2021-09-02,skyward-finance,1424
2021-09-03,metamon,20
2021-09-03,Meta-Pool,70
2021-09-03,berry-club,23
2021-09-03,near-bet,6
2021-09-03,nft-hiphop,8
2021-09-03,ref-finance,887
2021-09-03,skyward-finance,889
2021-09-03,3d-corgis,5
2021-09-03,berry-cards,5
2021-09-03,pixel-party,6
2021-09-03,galaxy-online,8
2021-09-03,near-crowd,44
2021-09-04,metamon,13
2021-09-04,galaxy-online,3
2021-09-04,nft-hiphop,1
2021-09-04,skyward-finance,468
2021-09-04,ref-finance,528
2021-09-04,near-bet,8
2021-09-04,Meta-Pool,69
2021-09-04,pixel-party,8
2021-09-04,berry-club,17
2021-09-04,berry-cards,3
2021-09-04,3d-corgis,6
2021-09-04,near-crowd,31
2021-09-05,Meta-Pool,89
2021-09-05,metamon,5
2021-09-05,3d-corgis,7
2021-09-05,skyward-finance,160
2021-09-05,near-crowd,26
2021-09-05,near-bet,3
2021-09-05,ref-finance,463
2021-09-05,galaxy-online,5
2021-09-05,nft-hiphop,2
2021-09-05,berry-cards,5
2021-09-05,pixel-party,11
2021-09-05,berry-club,11
2021-09-06,nft-hiphop,2
2021-09-06,near-crowd,42
2021-09-06,near-bet,3
2021-09-06,pixel-party,6
2021-09-06,metamon,7
2021-09-06,ref-finance,248
2021-09-06,berry-cards,7
2021-09-06,berry-club,15
2021-09-06,skyward-finance,243
2021-09-06,Meta-Pool,80
2021-09-06,galaxy-online,1
2021-09-06,3d-corgis,5
2021-09-07,near-crowd,56
2021-09-07,ref-finance,271
2021-09-07,Meta-Pool,101
2021-09-07,berry-club,18
2021-09-07,nft-hiphop,2
2021-09-07,metamon,8
2021-09-07,pixel-party,5
2021-09-07,skyward-finance,129
2021-09-07,berry-cards,6
2021-09-07,galaxy-online,7
2021-09-07,near-bet,2
2021-09-07,3d-corgis,2
2021-09-08,ref-finance,1129
2021-09-08,metamon,21
2021-09-08,near-crowd,71
2021-09-08,3d-corgis,10
2021-09-08,galaxy-online,14
2021-09-08,pixel-party,17
2021-09-08,nft-hiphop,5
2021-09-08,Meta-Pool,252
2021-09-08,berry-club,40
2021-09-08,near-bet,12
2021-09-08,skyward-finance,487
2021-09-08,berry-cards,14
2021-09-09,skyward-finance,291
2021-09-09,3d-corgis,7
2021-09-09,ref-finance,725
2021-09-09,galaxy-online,11
2021-09-09,berry-club,38
2021-09-09,near-crowd,47
2021-09-09,metamon,35
2021-09-09,pixel-party,22
2021-09-09,Meta-Pool,338
2021-09-09,nft-hiphop,2
2021-09-09,near-bet,14
2021-09-09,berry-cards,17
2021-09-10,ref-finance,437
2021-09-10,pixel-party,11
2021-09-10,Meta-Pool,232
2021-09-10,near-crowd,25
2021-09-10,3d-corgis,1
2021-09-10,skyward-finance,121
2021-09-10,berry-cards,5
2021-09-10,galaxy-online,12
2021-09-10,berry-club,34
2021-09-10,metamon,8
2021-09-10,nft-hiphop,4
2021-09-10,near-bet,11
2021-09-11,nft-hiphop,4
2021-09-11,Meta-Pool,124
2021-09-11,galaxy-online,11
2021-09-11,berry-club,58
2021-09-11,near-crowd,46
2021-09-11,near-bet,5
2021-09-11,metamon,11
2021-09-11,3d-corgis,1
2021-09-11,skyward-finance,103
2021-09-11,pixel-party,9
2021-09-11,ref-finance,413
2021-09-11,berry-cards,4
2021-09-12,near-crowd,38
2021-09-12,galaxy-online,3
2021-09-12,berry-club,52
2021-09-12,Meta-Pool,207
2021-09-12,3d-corgis,2
2021-09-12,skyward-finance,114
2021-09-12,ref-finance,386
2021-09-12,near-bet,7
2021-09-12,pixel-party,5
2021-09-12,metamon,4
2021-09-12,nft-hiphop,1
2021-09-12,berry-cards,5
2021-09-13,near-bet,12
2021-09-13,berry-club,12
2021-09-13,nft-hiphop,2
2021-09-13,galaxy-online,7
2021-09-13,Meta-Pool,104
2021-09-13,berry-cards,2
2021-09-13,near-crowd,43
2021-09-13,pixel-party,3
2021-09-13,skyward-finance,167
2021-09-13,ref-finance,300
2021-09-13,metamon,11
2021-09-14,3d-corgis,2
2021-09-14,nft-hiphop,1
2021-09-14,skyward-finance,551
2021-09-14,berry-club,14
2021-09-14,near-bet,8
2021-09-14,ref-finance,336
2021-09-14,pixel-party,10
2021-09-14,metamon,8
2021-09-14,Meta-Pool,52
2021-09-14,near-crowd,31
2021-09-14,galaxy-online,8
2021-09-14,berry-cards,4
2021-09-15,metamon,4
2021-09-15,skyward-finance,501
2021-09-15,Meta-Pool,54
2021-09-15,ref-finance,265
2021-09-15,berry-club,24
2021-09-15,galaxy-online,6
2021-09-15,nft-hiphop,3
2021-09-15,3d-corgis,2
2021-09-15,berry-cards,3
2021-09-15,pixel-party,6
2021-09-15,near-crowd,36
2021-09-15,near-bet,3
2021-09-16,skyward-finance,538
2021-09-16,pixel-party,9
2021-09-16,near-crowd,19
2021-09-16,berry-club,8
2021-09-16,3d-corgis,2
2021-09-16,Meta-Pool,49
2021-09-16,galaxy-online,3
2021-09-16,nft-hiphop,5
2021-09-16,metamon,5
2021-09-16,berry-cards,4
2021-09-16,near-bet,8
2021-09-16,ref-finance,257
2021-09-17,nft-hiphop,2
2021-09-17,skyward-finance,535
2021-09-17,Meta-Pool,48
2021-09-17,galaxy-online,5
2021-09-17,berry-club,11
2021-09-17,near-crowd,32
2021-09-17,berry-cards,5
2021-09-17,metamon,21
2021-09-17,near-bet,4
2021-09-17,ref-finance,244
2021-09-17,pixel-party,1
2021-09-17,3d-corgis,4
2021-09-18,metamon,33
2021-09-18,Meta-Pool,210
2021-09-18,skyward-finance,841
2021-09-18,berry-cards,1
2021-09-18,near-bet,3
2021-09-18,ref-finance,665
2021-09-18,3d-corgis,1
2021-09-18,berry-club,10
2021-09-18,galaxy-online,8
2021-09-18,near-crowd,32
2021-09-18,pixel-party,5
2021-09-18,nft-hiphop,2
2021-09-19,berry-club,21
2021-09-19,ref-finance,582
2021-09-19,skyward-finance,733
2021-09-19,metamon,18
2021-09-19,pixel-party,6
2021-09-19,berry-cards,1
2021-09-19,Meta-Pool,166
2021-09-19,3d-corgis,1
2021-09-19,near-bet,6
2021-09-19,nft-hiphop,2
2021-09-19,galaxy-online,3
2021-09-19,near-crowd,35
2021-09-20,berry-club,12
2021-09-20,pixel-party,5
2021-09-20,Meta-Pool,124
2021-09-20,near-crowd,39
2021-09-20,near-bet,7
2021-09-20,ref-finance,517
2021-09-20,berry-cards,5
2021-09-20,metamon,13
2021-09-20,skyward-finance,917
2021-09-20,galaxy-online,8
2021-09-20,3d-corgis,5
2021-09-21,berry-cards,1
2021-09-21,galaxy-online,5
2021-09-21,pixel-party,1
2021-09-21,skyward-finance,559
2021-09-21,near-crowd,36
2021-09-21,nft-hiphop,2
2021-09-21,berry-club,10
2021-09-21,Meta-Pool,101
2021-09-21,near-bet,4
2021-09-21,ref-finance,432
2021-09-21,3d-corgis,1
2021-09-21,metamon,20
2021-09-22,nft-hiphop,3
2021-09-22,metamon,9
2021-09-22,berry-club,11
2021-09-22,near-crowd,40
2021-09-22,3d-corgis,3
2021-09-22,Meta-Pool,108
2021-09-22,near-bet,5
2021-09-22,skyward-finance,381
2021-09-22,pixel-party,4
2021-09-22,galaxy-online,8
2021-09-22,ref-finance,362
2021-09-23,ref-finance,403
2021-09-23,3d-corgis,5
2021-09-23,Meta-Pool,86
2021-09-23,pixel-party,7
2021-09-23,near-bet,7
2021-09-23,skyward-finance,411
2021-09-23,galaxy-online,8
2021-09-23,metamon,17
2021-09-23,berry-club,21
2021-09-23,nft-hiphop,4
2021-09-23,berry-cards,2
2021-09-23,near-crowd,28
2021-09-24,berry-club,12
2021-09-24,skyward-finance,296
2021-09-24,galaxy-online,14
2021-09-24,metamon,11
2021-09-24,berry-cards,4
2021-09-24,nft-hiphop,1
2021-09-24,near-crowd,33
2021-09-24,3d-corgis,1
2021-09-24,Meta-Pool,55
2021-09-24,ref-finance,1528
2021-09-24,pixel-party,7
2021-09-24,near-bet,4
2021-09-25,pixel-party,5
2021-09-25,berry-club,31
2021-09-25,near-crowd,30
2021-09-25,near-bet,4
2021-09-25,ref-finance,2872
2021-09-25,galaxy-online,15
2021-09-25,Meta-Pool,84
2021-09-25,berry-cards,6
2021-09-25,3d-corgis,7
2021-09-25,nft-hiphop,2
2021-09-25,skyward-finance,198
2021-09-25,metamon,26
2021-09-26,near-bet,10
2021-09-26,skyward-finance,174
2021-09-26,3d-corgis,2
2021-09-26,metamon,20
2021-09-26,berry-club,40
2021-09-26,galaxy-online,15
2021-09-26,nft-hiphop,1
2021-09-26,berry-cards,3
2021-09-26,pixel-party,9
2021-09-26,near-crowd,39
2021-09-26,Meta-Pool,53
2021-09-26,ref-finance,3362
2021-09-27,berry-cards,2
2021-09-27,Meta-Pool,50
2021-09-27,skyward-finance,120
2021-09-27,berry-club,17
2021-09-27,near-bet,8
2021-09-27,near-crowd,33
2021-09-27,3d-corgis,5
2021-09-27,pixel-party,5
2021-09-27,galaxy-online,9
2021-09-27,ref-finance,784
2021-09-27,metamon,15
2021-09-28,berry-cards,2
2021-09-28,3d-corgis,4
2021-09-28,galaxy-online,10
2021-09-28,near-bet,4
2021-09-28,Meta-Pool,48
2021-09-28,berry-club,16
2021-09-28,ref-finance,416
2021-09-28,skyward-finance,136
2021-09-28,near-crowd,27
2021-09-28,metamon,13
2021-09-28,pixel-party,8
2021-09-28,nft-hiphop,3
2021-09-29,Meta-Pool,37
2021-09-29,berry-cards,4
2021-09-29,nft-hiphop,1
2021-09-29,near-crowd,25
2021-09-29,pixel-party,8
2021-09-29,3d-corgis,2
2021-09-29,berry-club,14
2021-09-29,galaxy-online,10
2021-09-29,ref-finance,311
2021-09-29,skyward-finance,76
2021-09-29,near-bet,4
2021-09-29,metamon,11
2021-09-30,skyward-finance,130
2021-09-30,3d-corgis,1
2021-09-30,near-crowd,35
2021-09-30,berry-cards,1
2021-09-30,ref-finance,305
2021-09-30,metamon,14
2021-09-30,galaxy-online,7
2021-09-30,berry-club,16
2021-09-30,Meta-Pool,46
2021-09-30,near-bet,2
2021-09-30,nft-hiphop,2
2021-09-30,pixel-party,3
2021-10-01,Meta-Pool,59
2021-10-01,pixel-party,14
2021-10-01,near-bet,8
2021-10-01,near-crowd,30
2021-10-01,3d-corgis,3
2021-10-01,galaxy-online,5
2021-10-01,berry-cards,1
2021-10-01,ref-finance,262
2021-10-01,metamon,19
2021-10-01,skyward-finance,101
2021-10-01,berry-club,17
2021-10-02,near-crowd,24
2021-10-02,metamon,21
2021-10-02,Meta-Pool,221
2021-10-02,ref-finance,351
2021-10-02,berry-club,50
2021-10-02,pixel-party,8
2021-10-02,galaxy-online,8
2021-10-02,skyward-finance,61
2021-10-02,near-bet,7
2021-10-02,berry-cards,6
2021-10-02,3d-corgis,1
2021-10-03,pixel-party,9
2021-10-03,metamon,18
2021-10-03,nft-hiphop,3
2021-10-03,galaxy-online,15
2021-10-03,Meta-Pool,397
2021-10-03,ref-finance,586
2021-10-03,near-crowd,26
2021-10-03,berry-club,59
2021-10-03,berry-cards,5
2021-10-03,skyward-finance,73
2021-10-03,near-bet,8
2021-10-03,3d-corgis,1
2021-10-04,metamon,32
2021-10-04,near-crowd,32
2021-10-04,nft-hiphop,5
2021-10-04,near-bet,7
2021-10-04,3d-corgis,3
2021-10-04,berry-club,43
2021-10-04,skyward-finance,64
2021-10-04,galaxy-online,15
2021-10-04,Meta-Pool,744
2021-10-04,pixel-party,20
2021-10-04,berry-cards,4
2021-10-04,ref-finance,957
2021-10-05,nft-hiphop,5
2021-10-05,pixel-party,73
2021-10-05,skyward-finance,217
2021-10-05,Meta-Pool,543
2021-10-05,ref-finance,1138
2021-10-05,3d-corgis,4
2021-10-05,berry-club,59
2021-10-05,metamon,49
2021-10-05,berry-cards,2
2021-10-05,near-bet,9
2021-10-05,galaxy-online,22
2021-10-05,near-crowd,35
2021-10-06,pixel-party,30
2021-10-06,near-bet,1
2021-10-06,galaxy-online,14
2021-10-06,Meta-Pool,293
2021-10-06,near-crowd,20
2021-10-06,berry-club,28
2021-10-06,ref-finance,796
2021-10-06,nft-hiphop,3
2021-10-06,skyward-finance,46
2021-10-06,metamon,34
2021-10-06,berry-cards,6
2021-10-07,galaxy-online,16
2021-10-07,berry-club,44
2021-10-07,3d-corgis,3
2021-10-07,metamon,20
2021-10-07,skyward-finance,50
2021-10-07,pixel-party,18
2021-10-07,berry-cards,3
2021-10-07,near-crowd,30
2021-10-07,ref-finance,659
2021-10-07,near-bet,9
2021-10-07,nft-hiphop,1
2021-10-07,Meta-Pool,265
2021-10-08,skyward-finance,74
2021-10-08,near-crowd,17
2021-10-08,near-bet,8
2021-10-08,ref-finance,975
2021-10-08,berry-cards,7
2021-10-08,3d-corgis,1
2021-10-08,nft-hiphop,2
2021-10-08,berry-club,33
2021-10-08,metamon,26
2021-10-08,Meta-Pool,191
2021-10-08,pixel-party,13
2021-10-08,galaxy-online,16
2021-10-09,ref-finance,860
2021-10-09,berry-club,38
2021-10-09,3d-corgis,4
2021-10-09,nft-hiphop,1
2021-10-09,near-bet,3
2021-10-09,Meta-Pool,160
2021-10-09,metamon,59
2021-10-09,skyward-finance,136
2021-10-09,near-crowd,14
2021-10-09,galaxy-online,8
2021-10-09,pixel-party,16
2021-10-09,berry-cards,9
2021-10-10,Meta-Pool,187
2021-10-10,near-bet,10
2021-10-10,skyward-finance,36
2021-10-10,berry-club,26
2021-10-10,3d-corgis,1
2021-10-10,nft-hiphop,3
2021-10-10,pixel-party,4
2021-10-10,berry-cards,3
2021-10-10,metamon,91
2021-10-10,galaxy-online,7
2021-10-10,near-crowd,17
2021-10-10,ref-finance,467
2021-10-11,pixel-party,12
2021-10-11,Meta-Pool,150
2021-10-11,nft-hiphop,3
2021-10-11,berry-cards,2
2021-10-11,galaxy-online,6
2021-10-11,near-crowd,24
2021-10-11,3d-corgis,4
2021-10-11,near-bet,7
2021-10-11,metamon,66
2021-10-11,ref-finance,498
2021-10-11,berry-club,16
2021-10-11,skyward-finance,40
2021-10-12,metamon,46
2021-10-12,galaxy-online,8
2021-10-12,near-crowd,18
2021-10-12,3d-corgis,2
2021-10-12,near-bet,4
2021-10-12,skyward-finance,31
2021-10-12,berry-club,10
2021-10-12,nft-hiphop,1
2021-10-12,pixel-party,9
2021-10-12,Meta-Pool,270
2021-10-12,ref-finance,421
2021-10-13,berry-cards,2
2021-10-13,ref-finance,443
2021-10-13,nft-hiphop,3
2021-10-13,galaxy-online,9
2021-10-13,Meta-Pool,202
2021-10-13,near-crowd,74
2021-10-13,metamon,95
2021-10-13,near-bet,5
2021-10-13,berry-club,15
2021-10-13,pixel-party,9
2021-10-13,skyward-finance,33
2021-10-14,pixel-party,6
2021-10-14,ref-finance,427
2021-10-14,near-crowd,57
2021-10-14,3d-corgis,2
2021-10-14,near-bet,1
2021-10-14,galaxy-online,14
2021-10-14,berry-cards,3
2021-10-14,Meta-Pool,95
2021-10-14,berry-club,14
2021-10-14,nft-hiphop,3
2021-10-14,skyward-finance,34
2021-10-14,metamon,126
2021-10-15,Meta-Pool,75
2021-10-15,metamon,57
2021-10-15,near-crowd,67
2021-10-15,ref-finance,897
2021-10-15,berry-cards,3
2021-10-15,3d-corgis,1
2021-10-15,skyward-finance,154
2021-10-15,pixel-party,9
2021-10-15,nft-hiphop,1
2021-10-15,near-bet,5
2021-10-15,berry-club,8
2021-10-15,galaxy-online,8
2021-10-16,near-bet,6
2021-10-16,3d-corgis,4
2021-10-16,ref-finance,2356
2021-10-16,pixel-party,13
2021-10-16,near-crowd,52
2021-10-16,Meta-Pool,74
2021-10-16,skyward-finance,45
2021-10-16,nft-hiphop,4
2021-10-16,berry-club,22
2021-10-16,berry-cards,5
2021-10-16,metamon,36
2021-10-16,galaxy-online,6
2021-10-17,metamon,37
2021-10-17,skyward-finance,42
2021-10-17,ref-finance,908
2021-10-17,near-crowd,47
2021-10-17,Meta-Pool,56
2021-10-17,berry-club,9
2021-10-17,pixel-party,6
2021-10-17,berry-cards,3
2021-10-17,near-bet,2
2021-10-17,3d-corgis,1
2021-10-17,galaxy-online,8
2021-10-18,galaxy-online,9
2021-10-18,nft-hiphop,4
2021-10-18,3d-corgis,3
2021-10-18,berry-cards,1
2021-10-18,Meta-Pool,152
2021-10-18,metamon,32
2021-10-18,near-crowd,69
2021-10-18,berry-club,10
2021-10-18,pixel-party,9
2021-10-18,ref-finance,661
2021-10-18,near-bet,5
2021-10-18,skyward-finance,164
2021-10-19,galaxy-online,17
2021-10-19,skyward-finance,56
2021-10-19,berry-club,23
2021-10-19,3d-corgis,1
2021-10-19,near-bet,4
2021-10-19,Meta-Pool,136
2021-10-19,ref-finance,480
2021-10-19,near-crowd,50
2021-10-19,berry-cards,7
2021-10-19,metamon,30
2021-10-19,pixel-party,7
2021-10-19,nft-hiphop,4
2021-10-20,3d-corgis,5
2021-10-20,near-crowd,43
2021-10-20,Meta-Pool,213
2021-10-20,ref-finance,574
2021-10-20,nft-hiphop,2
2021-10-20,skyward-finance,67
2021-10-20,galaxy-online,13
2021-10-20,pixel-party,8
2021-10-20,berry-cards,3
2021-10-20,metamon,22
2021-10-20,berry-club,20
2021-10-20,near-bet,5
2021-10-21,berry-cards,2
2021-10-21,near-bet,6
2021-10-21,metamon,14
2021-10-21,ref-finance,796
2021-10-21,near-crowd,46
2021-10-21,pixel-party,6
2021-10-21,berry-club,17
2021-10-21,Meta-Pool,183
2021-10-21,galaxy-online,14
2021-10-21,skyward-finance,120
2021-10-22,3d-corgis,4
2021-10-22,near-crowd,41
2021-10-22,Meta-Pool,129
2021-10-22,galaxy-online,10
2021-10-22,skyward-finance,130
2021-10-22,berry-club,26
2021-10-22,berry-cards,1
2021-10-22,pixel-party,7
2021-10-22,near-bet,6
2021-10-22,amplify-art,1
2021-10-22,metamon,23
2021-10-22,ref-finance,939
2021-10-22,nft-hiphop,3
2021-10-23,skyward-finance,82
2021-10-23,berry-cards,6
2021-10-23,metamon,31
2021-10-23,ref-finance,654
2021-10-23,nft-hiphop,2
2021-10-23,pixel-party,4
2021-10-23,berry-club,24
2021-10-23,near-bet,2
2021-10-23,Meta-Pool,141
2021-10-23,galaxy-online,6
2021-10-23,near-crowd,34
2021-10-24,skyward-finance,74
2021-10-24,amplify-art,2
2021-10-24,metamon,27
2021-10-24,galaxy-online,10
2021-10-24,berry-cards,4
2021-10-24,berry-club,61
2021-10-24,pixel-party,6
2021-10-24,near-crowd,55
2021-10-24,Meta-Pool,297
2021-10-24,near-bet,8
2021-10-24,nft-hiphop,5
2021-10-24,ref-finance,624
2021-10-24,3d-corgis,2
2021-10-25,pixel-party,18
2021-10-25,galaxy-online,14
2021-10-25,metamon,32
2021-10-25,near-bet,18
2021-10-25,3d-corgis,4
2021-10-25,berry-club,123
2021-10-25,amplify-art,53
2021-10-25,skyward-finance,189
2021-10-25,near-crowd,56
2021-10-25,ref-finance,1277
2021-10-25,Meta-Pool,242
2021-10-25,berry-cards,6
2021-10-25,nft-hiphop,11
2021-10-26,berry-cards,2
2021-10-26,pixel-party,12
2021-10-26,amplify-art,5
2021-10-26,near-bet,10
2021-10-26,metamon,40
2021-10-26,Meta-Pool,233
2021-10-26,nft-hiphop,4
2021-10-26,ref-finance,1595
2021-10-26,galaxy-online,15
2021-10-26,3d-corgis,4
2021-10-26,near-crowd,91
2021-10-26,skyward-finance,373
2021-10-26,berry-club,86
2021-10-27,near-crowd,50
2021-10-27,near-bet,4
2021-10-27,berry-cards,5
2021-10-27,galaxy-online,12
2021-10-27,amplify-art,3
2021-10-27,nft-hiphop,3
2021-10-27,metamon,24
2021-10-27,pixel-party,5
2021-10-27,ref-finance,1000
2021-10-27,skyward-finance,390
2021-10-27,3d-corgis,4
2021-10-27,Meta-Pool,149
2021-10-27,berry-club,74
2021-10-28,berry-cards,9
2021-10-28,near-crowd,47
2021-10-28,near-bet,5
2021-10-28,galaxy-online,10
2021-10-28,amplify-art,2
2021-10-28,3d-corgis,9
2021-10-28,skyward-finance,500
2021-10-28,metamon,46
2021-10-28,ref-finance,743
2021-10-28,Meta-Pool,118
2021-10-28,pixel-party,13
2021-10-28,nft-hiphop,5
2021-10-28,berry-club,65
2021-10-29,near-bet,4
2021-10-29,nft-hiphop,2
2021-10-29,berry-club,42
2021-10-29,metamon,51
2021-10-29,berry-cards,4
2021-10-29,near-crowd,44
2021-10-29,Meta-Pool,107
2021-10-29,ref-finance,463
2021-10-29,3d-corgis,4
2021-10-29,galaxy-online,10
2021-10-29,pixel-party,2
2021-10-29,amplify-art,1
2021-10-29,skyward-finance,394
2021-10-30,near-bet,7
2021-10-30,berry-cards,8
2021-10-30,pixel-party,7
2021-10-30,Meta-Pool,118
2021-10-30,skyward-finance,281
2021-10-30,metamon,36
2021-10-30,near-crowd,43
2021-10-30,3d-corgis,2
2021-10-30,nft-hiphop,1
2021-10-30,galaxy-online,9
2021-10-30,ref-finance,430
2021-10-30,berry-club,27
2021-10-31,berry-club,40
2021-10-31,near-bet,5
2021-10-31,berry-cards,7
2021-10-31,near-crowd,34
2021-10-31,3d-corgis,5
2021-10-31,ref-finance,341
2021-10-31,Meta-Pool,81
2021-10-31,galaxy-online,6
2021-10-31,nft-hiphop,3
2021-10-31,amplify-art,2
2021-10-31,skyward-finance,335
2021-10-31,metamon,32
2021-10-31,pixel-party,10
2021-11-01,near-bet,4
2021-11-01,nft-hiphop,5
2021-11-01,amplify-art,1
2021-11-01,galaxy-online,9
2021-11-01,metamon,30
2021-11-01,berry-club,38
2021-11-01,pixel-party,8
2021-11-01,ref-finance,267
2021-11-01,3d-corgis,2
2021-11-01,Meta-Pool,72
2021-11-01,skyward-finance,191
2021-11-01,near-crowd,42
2021-11-01,berry-cards,4
2021-11-02,galaxy-online,6
2021-11-02,berry-club,41
2021-11-02,nft-hiphop,5
2021-11-02,near-bet,6
2021-11-02,skyward-finance,140
2021-11-02,near-crowd,40
2021-11-02,pixel-party,6
2021-11-02,3d-corgis,6
2021-11-02,ref-finance,317
2021-11-02,Meta-Pool,71
2021-11-02,berry-cards,4
2021-11-02,metamon,27
2021-11-03,Meta-Pool,84
2021-11-03,skyward-finance,165
2021-11-03,berry-cards,3
2021-11-03,galaxy-online,5
2021-11-03,ref-finance,307
2021-11-03,3d-corgis,4
2021-11-03,near-crowd,40
2021-11-03,metamon,15
2021-11-03,nft-hiphop,2
2021-11-03,berry-club,23
2021-11-03,pixel-party,1
2021-11-03,near-bet,4
2021-11-04,berry-cards,4
2021-11-04,berry-club,36
2021-11-04,ref-finance,350
2021-11-04,metamon,16
2021-11-04,Meta-Pool,71
2021-11-04,3d-corgis,1
2021-11-04,galaxy-online,10
2021-11-04,near-crowd,44
2021-11-04,near-bet,8
2021-11-04,nft-hiphop,1
2021-11-04,pixel-party,2
2021-11-04,skyward-finance,332
2021-11-05,ref-finance,254
2021-11-05,galaxy-online,6
2021-11-05,berry-club,43
2021-11-05,metamon,19
2021-11-05,berry-cards,3
2021-11-05,near-crowd,67
2021-11-05,3d-corgis,3
2021-11-05,pixel-party,5
2021-11-05,skyward-finance,219
2021-11-05,near-bet,4
2021-11-05,Meta-Pool,68
2021-11-05,nft-hiphop,4
2021-11-06,near-bet,12
2021-11-06,skyward-finance,800
2021-11-06,ref-finance,499
2021-11-06,3d-corgis,2
2021-11-06,near-crowd,32
2021-11-06,berry-cards,1
2021-11-06,galaxy-online,6
2021-11-06,Meta-Pool,84
2021-11-06,berry-club,28
2021-11-06,pixel-party,6
2021-11-06,amplify-art,1
2021-11-06,metamon,1
2021-11-07,berry-cards,5
2021-11-07,berry-club,20
2021-11-07,metamon,1
2021-11-07,Meta-Pool,66
2021-11-07,near-bet,3
2021-11-07,ref-finance,413
2021-11-07,skyward-finance,534
2021-11-07,pixel-party,9
2021-11-07,galaxy-online,4
2021-11-07,3d-corgis,4
2021-11-07,near-crowd,50
2021-11-07,nft-hiphop,1
2021-11-08,ref-finance,272
2021-11-08,Meta-Pool,73
2021-11-08,nft-hiphop,2
2021-11-08,berry-club,17
2021-11-08,metamon,2
2021-11-08,pixel-party,10
2021-11-08,skyward-finance,886
2021-11-08,near-crowd,67
2021-11-08,3d-corgis,4
2021-11-08,near-bet,4
2021-11-08,galaxy-online,8
2021-11-08,berry-cards,3
2021-11-09,nft-hiphop,3
2021-11-09,berry-cards,4
2021-11-09,3d-corgis,1
2021-11-09,berry-club,25
2021-11-09,near-bet,7
2021-11-09,pixel-party,10
2021-11-09,galaxy-online,12
2021-11-09,skyward-finance,490
2021-11-09,metamon,1
2021-11-09,near-crowd,45
2021-11-09,Meta-Pool,87
2021-11-09,ref-finance,318
2021-11-10,berry-club,28
2021-11-10,metamon,2
2021-11-10,amplify-art,1
2021-11-10,near-crowd,47
2021-11-10,3d-corgis,5
2021-11-10,Meta-Pool,79
2021-11-10,ref-finance,413
2021-11-10,near-bet,18
2021-11-10,skyward-finance,568
2021-11-10,nft-hiphop,3
2021-11-10,galaxy-online,8
2021-11-10,pixel-party,9
2021-11-10,berry-cards,2
2021-11-11,metamon,2
2021-11-11,pixel-party,9
2021-11-11,skyward-finance,967
2021-11-11,nft-hiphop,5
2021-11-11,galaxy-online,12
2021-11-11,Meta-Pool,98
2021-11-11,near-crowd,50
2021-11-11,ref-finance,835
2021-11-11,berry-cards,2
2021-11-11,3d-corgis,4
2021-11-11,berry-club,27
2021-11-11,near-bet,12
2021-11-12,berry-cards,2
2021-11-12,Meta-Pool,93
2021-11-12,skyward-finance,685
2021-11-12,ref-finance,285
2021-11-12,amplify-art,2
2021-11-12,berry-club,25
2021-11-12,pixel-party,8
2021-11-12,galaxy-online,7
2021-11-12,near-bet,9
2021-11-12,near-crowd,48
2021-11-12,nft-hiphop,6
2021-11-12,3d-corgis,5
2021-11-13,skyward-finance,834
2021-11-13,nft-hiphop,1
2021-11-13,pixel-party,7
2021-11-13,3d-corgis,3
2021-11-13,berry-cards,2
2021-11-13,Meta-Pool,66
2021-11-13,near-crowd,43
2021-11-13,ref-finance,254
2021-11-13,near-bet,3
2021-11-13,berry-club,24
2021-11-13,metamon,2
2021-11-13,galaxy-online,5
2021-11-14,nft-hiphop,2
2021-11-14,skyward-finance,643
2021-11-14,3d-corgis,2
2021-11-14,berry-club,24
2021-11-14,berry-cards,6
2021-11-14,pixel-party,2
2021-11-14,galaxy-online,10
2021-11-14,Meta-Pool,74
2021-11-14,ref-finance,276
2021-11-14,near-crowd,50
2021-11-14,near-bet,11
2021-11-14,amplify-art,2
2021-11-15,skyward-finance,567
2021-11-15,berry-club,21
2021-11-15,galaxy-online,7
2021-11-15,berry-cards,3
2021-11-15,pixel-party,10
2021-11-15,near-crowd,39
2021-11-15,3d-corgis,7
2021-11-15,ref-finance,244
2021-11-15,nft-hiphop,1
2021-11-15,near-bet,12
2021-11-15,Meta-Pool,89
2021-11-16,berry-cards,5
2021-11-16,galaxy-online,10
2021-11-16,pixel-party,4
2021-11-16,near-crowd,62
2021-11-16,near-bet,2
2021-11-16,Meta-Pool,55
2021-11-16,berry-club,17
2021-11-16,nft-hiphop,1
2021-11-16,3d-corgis,1
2021-11-16,ref-finance,194
2021-11-16,skyward-finance,621
2021-11-17,nft-hiphop,2
2021-11-17,ref-finance,216
2021-11-17,Meta-Pool,59
2021-11-17,galaxy-online,12
2021-11-17,near-crowd,34
2021-11-17,berry-club,14
2021-11-17,pixel-party,7
2021-11-17,near-bet,5
2021-11-17,skyward-finance,605
2021-11-17,berry-cards,1
2021-11-18,galaxy-online,3
2021-11-18,nft-hiphop,2
2021-11-18,near-crowd,48
2021-11-18,metamon,1
2021-11-18,ref-finance,832
2021-11-18,pixel-party,8
2021-11-18,near-bet,5
2021-11-18,berry-club,14
2021-11-18,berry-cards,2
2021-11-18,skyward-finance,140
2021-11-18,Meta-Pool,71
2021-11-18,3d-corgis,2
2021-11-19,3d-corgis,2
2021-11-19,ref-finance,555
2021-11-19,Meta-Pool,51
2021-11-19,skyward-finance,90
2021-11-19,berry-club,12
2021-11-19,metamon,1
2021-11-19,pixel-party,6
2021-11-19,galaxy-online,3
2021-11-19,berry-cards,3
2021-11-19,nft-hiphop,1
2021-11-19,near-bet,5
2021-11-19,near-crowd,59
2021-11-20,near-crowd,85
2021-11-20,galaxy-online,6
2021-11-20,berry-club,22
2021-11-20,skyward-finance,79
2021-11-20,near-bet,2
2021-11-20,3d-corgis,1
2021-11-20,Meta-Pool,56
2021-11-20,pixel-party,6
2021-11-20,ref-finance,397
2021-11-20,berry-cards,2
2021-11-21,near-crowd,71
2021-11-21,ref-finance,327
2021-11-21,galaxy-online,7
2021-11-21,3d-corgis,4
2021-11-21,skyward-finance,62
2021-11-21,berry-cards,1
2021-11-21,berry-club,18
2021-11-21,Meta-Pool,49
2021-11-21,pixel-party,8
2021-11-21,near-bet,8
2021-11-22,near-bet,6
2021-11-22,near-crowd,78
2021-11-22,skyward-finance,35
2021-11-22,ref-finance,501
2021-11-22,Meta-Pool,60
2021-11-22,pixel-party,8
2021-11-22,galaxy-online,2
2021-11-22,berry-club,12
2021-11-22,berry-cards,2
2021-11-22,nft-hiphop,1
2021-11-23,galaxy-online,4
2021-11-23,berry-cards,1
2021-11-23,near-crowd,81
2021-11-23,nft-hiphop,4
2021-11-23,near-bet,6
2021-11-23,ref-finance,315
2021-11-23,Meta-Pool,63
2021-11-23,3d-corgis,3
2021-11-23,skyward-finance,40
2021-11-23,berry-club,16
2021-11-23,pixel-party,5
2021-11-24,ref-finance,324
2021-11-24,skyward-finance,39
2021-11-24,pixel-party,5
2021-11-24,Meta-Pool,55
2021-11-24,3d-corgis,2
2021-11-24,near-bet,6
2021-11-24,berry-club,14
2021-11-24,galaxy-online,3
2021-11-24,near-crowd,53
2021-11-25,Meta-Pool,41
2021-11-25,near-bet,6
2021-11-25,galaxy-online,3
2021-11-25,ref-finance,257
2021-11-25,berry-club,16
2021-11-25,nft-hiphop,1
2021-11-25,near-crowd,36
2021-11-25,skyward-finance,28
2021-11-25,amplify-art,1
2021-11-25,pixel-party,5
2021-11-26,near-bet,5
2021-11-26,metamon,1
2021-11-26,near-crowd,26
2021-11-26,3d-corgis,1
2021-11-26,ref-finance,194
2021-11-26,nft-hiphop,2
2021-11-26,Meta-Pool,27
2021-11-26,pixel-party,3
2021-11-26,berry-club,7
2021-11-26,skyward-finance,24
2021-11-26,galaxy-online,7
2021-11-27,near-bet,4
2021-11-27,berry-cards,1
2021-11-27,pixel-party,4
2021-11-27,Meta-Pool,29
2021-11-27,ref-finance,130
2021-11-27,berry-club,6
2021-11-27,skyward-finance,24
2021-11-27,near-crowd,15
2021-11-27,3d-corgis,1
2021-11-27,galaxy-online,7
2021-11-28,near-crowd,23
2021-11-28,near-bet,5
2021-11-28,berry-club,5
2021-11-28,ref-finance,116
2021-11-28,berry-cards,1
2021-11-28,skyward-finance,21
2021-11-28,pixel-party,7
2021-11-28,nft-hiphop,2
2021-11-28,Meta-Pool,30
2021-11-28,galaxy-online,1
2021-11-29,ref-finance,732
2021-11-29,berry-cards,2
2021-11-29,nft-hiphop,1
2021-11-29,skyward-finance,302
2021-11-29,galaxy-online,6
2021-11-29,pixel-party,5
2021-11-29,Meta-Pool,77
2021-11-29,near-bet,8
2021-11-29,berry-club,10
2021-11-29,near-crowd,523